DEPARTAMENTO,MUNICIPIO,2025,2026,2027,2028
AMAZONAS,LETICIA,11,11,11,11
AMAZONAS,PUERTO NARIÑO,7,7,7,7
AMAZONAS,TARAPACÁ,0,0,0,0
ANTIOQUIA,ABEJORRAL,2,2,2,2
ANTIOQUIA,ABRIAQUÍ,1,1,1,1
ANTIOQUIA,ALEJANDRÍA,1,1,1,1
ANTIOQUIA,AMAGÁ,6,6,6,6
ANTIOQUIA,AMALFI,2,2,2,2
ANTIOQUIA,ANDES,5,5,5,5
ANTIOQUIA,ANGELÓPOLIS,3,3,3,3
ANTIOQUIA,ANGOSTURA,2,2,2,2
ANTIOQUIA,ANORÍ,1,1,1,1
ANTIOQUIA,ANZA,2,2,2,2
ANTIOQUIA,APARTADÓ,6,6,6,6
ANTIOQUIA,ARBOLETES,5,5,5,5
ANTIOQUIA,ARGELIA,2,2,2,2
ANTIOQUIA,BARBOSA,6,6,6,6
ANTIOQUIA,BELLO,5,5,5,5
ANTIOQUIA,BELMIRA,2,2,2,2
ANTIOQUIA,BETANIA,2,2,2,2
ANTIOQUIA,BRICEÑO,2,2,2,2
ANTIOQUIA,BURITICÁ,2,2,2,2
ANTIOQUIA,CAICEDO,1,1,1,1
ANTIOQUIA,CALDAS,6,6,6,6
ANTIOQUIA,CAMPAMENTO,2,2,2,2
ANTIOQUIA,CARACOLÍ,2,2,2,2
ANTIOQUIA,CARAMANTA,2,2,2,2
ANTIOQUIA,CAREPA,6,6,6,6
ANTIOQUIA,CAROLINA,2,2,2,2
ANTIOQUIA,CAUCASIA,6,6,6,6
ANTIOQUIA,CAÑASGORDAS,3,3,3,3
ANTIOQUIA,CHIGORODÓ,4,4,4,4
ANTIOQUIA,CISNEROS,2,2,2,2
ANTIOQUIA,CIUDAD BOLÍVAR,4,4,4,4
ANTIOQUIA,COCORNÁ,2,2,2,2
ANTIOQUIA,CONCEPCIÓN,1,1,1,1
ANTIOQUIA,COPACABANA,3,3,3,3
ANTIOQUIA,CÁCERES,8,8,8,8
ANTIOQUIA,DABEIBA,2,2,2,2
ANTIOQUIA,DONMATÍAS,4,4,4,4
ANTIOQUIA,EBÉJICO,2,2,2,2
ANTIOQUIA,EL BAGRE,3,3,3,3
ANTIOQUIA,EL CARMEN DE VIBORAL,2,2,2,2
ANTIOQUIA,EL SANTUARIO,2,2,2,2
ANTIOQUIA,ENTRERRIOS,2,2,2,2
ANTIOQUIA,ENVIGADO,11,11,11,11
ANTIOQUIA,FREDONIA,5,5,5,5
ANTIOQUIA,FRONTINO,3,3,3,3
ANTIOQUIA,GIRALDO,2,2,2,2
ANTIOQUIA,GIRARDOTA,8,8,8,8
ANTIOQUIA,GUADALUPE,1,1,1,1
ANTIOQUIA,GUARNE,3,3,3,3
ANTIOQUIA,GUATAPE,2,2,2,2
ANTIOQUIA,GÓMEZ PLATA,3,3,3,3
ANTIOQUIA,HELICONIA,2,2,2,2
ANTIOQUIA,HISPANIA,2,2,2,2
ANTIOQUIA,ITAGUI,4,4,4,4
ANTIOQUIA,ITUANGO,4,4,4,4
ANTIOQUIA,JARDÍN,3,3,3,3
ANTIOQUIA,LA CEJA,4,4,4,4
ANTIOQUIA,LA ESTRELLA,5,5,5,5
ANTIOQUIA,LA PINTADA,2,2,2,2
ANTIOQUIA,LIBORINA,5,5,5,5
ANTIOQUIA,MACEO,2,2,2,2
ANTIOQUIA,MARINILLA,2,2,2,2
ANTIOQUIA,MEDELLÍN,14,14,14,14
ANTIOQUIA,MONTEBELLO,2,2,2,2
ANTIOQUIA,MURINDÓ,2,2,2,2
ANTIOQUIA,MUTATÁ,2,2,2,2
ANTIOQUIA,NARIÑO,2,2,2,2
ANTIOQUIA,NECHÍ,4,4,4,4
ANTIOQUIA,NECOCLÍ,7,7,7,7
ANTIOQUIA,OLAYA,3,3,3,3
ANTIOQUIA,PEQUE,1,1,1,1
ANTIOQUIA,PEÑOL,2,2,2,2
ANTIOQUIA,PUEBLORRICO,1,1,1,1
ANTIOQUIA,PUERTO BERRÍO,6,6,6,6
ANTIOQUIA,PUERTO NARE,6,6,6,6
ANTIOQUIA,PUERTO TRIUNFO,4,4,4,4
ANTIOQUIA,REMEDIOS,3,3,3,3
ANTIOQUIA,RETIRO,3,3,3,3
ANTIOQUIA,RIONEGRO,10,10,10,10
ANTIOQUIA,SABANETA,6,6,6,6
ANTIOQUIA,SALGAR,3,3,3,3
ANTIOQUIA,SAN ANDRÉS DE CUERQUÍA,1,1,1,1
ANTIOQUIA,SAN JERÓNIMO,2,2,2,2
ANTIOQUIA,SAN JOSÉ DE LA MONTAÑA,1,1,1,1
ANTIOQUIA,SAN JUAN DE URABÁ,4,4,4,4
ANTIOQUIA,SAN PEDRO DE LOS MILAGROS,2,2,2,2
ANTIOQUIA,SAN PEDRO DE URABA,3,3,3,3
ANTIOQUIA,SAN RAFAEL,2,2,2,2
ANTIOQUIA,SAN ROQUE,3,3,3,3
ANTIOQUIA,SAN VICENTE FERRER,3,3,3,3
ANTIOQUIA,SANTA ROSA DE OSOS,4,4,4,4
ANTIOQUIA,SANTAFÉ DE ANTIOQUIA,5,5,5,5
ANTIOQUIA,SANTO DOMINGO,4,4,4,4
ANTIOQUIA,SEGOVIA,2,2,2,2
ANTIOQUIA,SONSON,3,3,3,3
ANTIOQUIA,SOPETRÁN,3,3,3,3
ANTIOQUIA,TARAZÁ,4,4,4,4
ANTIOQUIA,TARSO,3,3,3,3
ANTIOQUIA,TITIRIBÍ,4,4,4,4
ANTIOQUIA,TOLEDO,2,2,2,2
ANTIOQUIA,TURBO,12,12,12,12
ANTIOQUIA,TÁMESIS,2,2,2,2
ANTIOQUIA,URAMITA,1,1,1,1
ANTIOQUIA,URRAO,1,1,1,1
ANTIOQUIA,VALDIVIA,4,4,4,4
ANTIOQUIA,VEGACHÍ,2,2,2,2
ANTIOQUIA,VENECIA,3,3,3,3
ANTIOQUIA,VIGÍA DEL FUERTE,2,2,2,2
ANTIOQUIA,YALÍ,2,2,2,2
ANTIOQUIA,YARUMAL,6,6,6,6
ANTIOQUIA,YOLOMBÓ,2,2,2,2
ANTIOQUIA,YONDÓ,6,6,6,6
ANTIOQUIA,ZARAGOZA,4,4,4,4
ARAUCA,ARAUCA,3,3,3,3
ARAUCA,ARAUQUITA,5,5,5,5
ARAUCA,CRAVO NORTE,1,1,1,1
ARAUCA,FORTUL,3,3,3,3
ARAUCA,PUERTO RONDÓN,2,2,2,2
ARAUCA,SARAVENA,3,3,3,3
ARAUCA,TAME,4,4,4,4
"ARCHIPIÉLAGO DE SAN ANDRÉS, PROVIDENCIA Y SANTA CATALINA",SAN ANDRÉS,4,4,4,4
ATLÁNTICO,BARANOA,5,5,5,5
ATLÁNTICO,BARRANQUILLA,2,2,2,2
ATLÁNTICO,CAMPO DE LA CRUZ,2,2,2,2
ATLÁNTICO,GALAPA,2,2,2,2
ATLÁNTICO,JUAN DE ACOSTA,5,5,5,5
ATLÁNTICO,LURUACO,6,6,6,6
ATLÁNTICO,MALAMBO,4,4,4,4
ATLÁNTICO,MANATÍ,2,2,2,2
ATLÁNTICO,PALMAR DE VARELA,2,2,2,2
ATLÁNTICO,PIOJÓ,4,4,4,4
ATLÁNTICO,POLONUEVO,2,2,2,2
ATLÁNTICO,PONEDERA,5,5,5,5
ATLÁNTICO,PUERTO COLOMBIA,2,2,2,2
ATLÁNTICO,REPELÓN,5,5,5,5
ATLÁNTICO,SABANAGRANDE,2,2,2,2
ATLÁNTICO,SABANALARGA,5,5,5,5
ATLÁNTICO,SANTA LUCÍA,2,2,2,2
ATLÁNTICO,SANTO TOMÁS,2,2,2,2
ATLÁNTICO,SOLEDAD,2,2,2,2
ATLÁNTICO,SUAN,1,1,1,1
ATLÁNTICO,TUBARÁ,6,6,6,6
ATLÁNTICO,USIACURÍ,2,2,2,2
BOGOTÁ D.C.,"BOGOTÁ, D.C.",6,6,6,6
BOLÍVAR,ACHÍ,3,3,3,3
BOLÍVAR,ALTOS DEL ROSARIO,2,2,2,2
BOLÍVAR,ARENAL,2,2,2,2
BOLÍVAR,ARJONA,4,4,4,4
BOLÍVAR,ARROYOHONDO,4,4,4,4
BOLÍVAR,BARRANCO DE LOBA,2,2,2,2
BOLÍVAR,CALAMAR,4,4,4,4
BOLÍVAR,CANTAGALLO,2,2,2,2
BOLÍVAR,CARTAGENA,21,21,21,21
BOLÍVAR,CICUCO,3,3,3,3
BOLÍVAR,CLEMENCIA,1,1,1,1
BOLÍVAR,CÓRDOBA,4,4,4,4
BOLÍVAR,EL CARMEN DE BOLÍVAR,9,9,9,9
BOLÍVAR,EL GUAMO,3,3,3,3
BOLÍVAR,EL PEÑÓN,3,3,3,3
BOLÍVAR,HATILLO DE LOBA,2,2,2,2
BOLÍVAR,MAGANGUÉ,8,8,8,8
BOLÍVAR,MAHATES,6,6,6,6
BOLÍVAR,MARGARITA,3,3,3,3
BOLÍVAR,MARÍA LA BAJA,18,18,18,18
BOLÍVAR,MONTECRISTO,1,1,1,1
BOLÍVAR,MORALES,3,3,3,3
BOLÍVAR,NOROSÍ,2,2,2,2
BOLÍVAR,PINILLOS,2,2,2,2
BOLÍVAR,REGIDOR,4,4,4,4
BOLÍVAR,RÍO VIEJO,3,3,3,3
BOLÍVAR,SAN CRISTÓBAL,2,2,2,2
BOLÍVAR,SAN ESTANISLAO,2,2,2,2
BOLÍVAR,SAN FERNANDO,4,4,4,4
BOLÍVAR,SAN JACINTO,4,4,4,4
BOLÍVAR,SAN JACINTO DEL CAUCA,3,3,3,3
BOLÍVAR,SAN JUAN NEPOMUCENO,4,4,4,4
BOLÍVAR,SAN MARTÍN DE LOBA,3,3,3,3
BOLÍVAR,SANTA CATALINA,5,5,5,5
BOLÍVAR,SANTA CRUZ DE MOMPOX,3,3,3,3
BOLÍVAR,SANTA ROSA,2,2,2,2
BOLÍVAR,SANTA ROSA DEL SUR,2,2,2,2
BOLÍVAR,SIMITÍ,7,7,7,7
BOLÍVAR,SOPLAVIENTO,2,2,2,2
BOLÍVAR,TALAIGUA NUEVO,3,3,3,3
BOLÍVAR,TIQUISIO,3,3,3,3
BOLÍVAR,TURBACO,6,6,6,6
BOLÍVAR,TURBANÁ,2,2,2,2
BOLÍVAR,ZAMBRANO,2,2,2,2
BOYACÁ,ALMEIDA,1,1,1,1
BOYACÁ,AQUITANIA,5,5,5,5
BOYACÁ,ARCABUCO,2,2,2,2
BOYACÁ,BERBEO,1,1,1,1
BOYACÁ,BETÉITIVA,2,2,2,2
BOYACÁ,BOAVITA,1,1,1,1
BOYACÁ,BOYACÁ,1,1,1,1
BOYACÁ,BUSBANZÁ,1,1,1,1
BOYACÁ,CAMPOHERMOSO,2,2,2,2
BOYACÁ,CERINZA,2,2,2,2
BOYACÁ,CHINAVITA,1,1,1,1
BOYACÁ,CHIQUINQUIRÁ,2,2,2,2
BOYACÁ,CHISCAS,2,2,2,2
BOYACÁ,CHITA,2,2,2,2
BOYACÁ,CHITARAQUE,1,1,1,1
BOYACÁ,CHIVATÁ,2,2,2,2
BOYACÁ,CHIVOR,1,1,1,1
BOYACÁ,CHÍQUIZA,2,2,2,2
BOYACÁ,CIÉNEGA,1,1,1,1
BOYACÁ,COPER,1,1,1,1
BOYACÁ,CORRALES,1,1,1,1
BOYACÁ,COVARACHÍA,1,1,1,1
BOYACÁ,CUBARÁ,2,2,2,2
BOYACÁ,CUCAITA,1,1,1,1
BOYACÁ,CUÍTIVA,2,2,2,2
BOYACÁ,CÓMBITA,3,3,3,3
BOYACÁ,DUITAMA,6,6,6,6
BOYACÁ,EL COCUY,2,2,2,2
BOYACÁ,EL ESPINO,1,1,1,1
BOYACÁ,FIRAVITOBA,2,2,2,2
BOYACÁ,FLORESTA,2,2,2,2
BOYACÁ,GACHANTIVÁ,1,1,1,1
BOYACÁ,GAMEZA,1,1,1,1
BOYACÁ,GARAGOA,2,2,2,2
BOYACÁ,GUACAMAYAS,1,1,1,1
BOYACÁ,GUATEQUE,2,2,2,2
BOYACÁ,GUAYATÁ,1,1,1,1
BOYACÁ,GÜICÁN,1,1,1,1
BOYACÁ,IZA,1,1,1,1
BOYACÁ,JENESANO,2,2,2,2
BOYACÁ,JERICÓ,2,2,2,2
BOYACÁ,LA CAPILLA,1,1,1,1
BOYACÁ,LA UVITA,2,2,2,2
BOYACÁ,LA VICTORIA,1,1,1,1
BOYACÁ,LABRANZAGRANDE,1,1,1,1
BOYACÁ,MACANAL,2,2,2,2
BOYACÁ,MARIPÍ,4,4,4,4
BOYACÁ,MIRAFLORES,2,2,2,2
BOYACÁ,MONGUA,1,1,1,1
BOYACÁ,MONGUÍ,2,2,2,2
BOYACÁ,MONIQUIRÁ,2,2,2,2
BOYACÁ,MOTAVITA,1,1,1,1
BOYACÁ,MUZO,2,2,2,2
BOYACÁ,NOBSA,7,7,7,7
BOYACÁ,NUEVO COLÓN,1,1,1,1
BOYACÁ,OICATÁ,1,1,1,1
BOYACÁ,OTANCHE,3,3,3,3
BOYACÁ,PACHAVITA,1,1,1,1
BOYACÁ,PAIPA,3,3,3,3
BOYACÁ,PAJARITO,2,2,2,2
BOYACÁ,PANQUEBA,1,1,1,1
BOYACÁ,PAUNA,2,2,2,2
BOYACÁ,PAYA,2,2,2,2
BOYACÁ,PAZ DE RÍO,3,3,3,3
BOYACÁ,PESCA,1,1,1,1
BOYACÁ,PISBA,1,1,1,1
BOYACÁ,PUERTO BOYACÁ,14,14,14,14
BOYACÁ,PÁEZ,2,2,2,2
BOYACÁ,QUÍPAMA,3,3,3,3
BOYACÁ,RAMIRIQUÍ,4,4,4,4
BOYACÁ,RONDÓN,2,2,2,2
BOYACÁ,RÁQUIRA,3,3,3,3
BOYACÁ,SABOYÁ,2,2,2,2
BOYACÁ,SAMACÁ,3,3,3,3
BOYACÁ,SAN EDUARDO,1,1,1,1
BOYACÁ,SAN JOSÉ DE PARE,1,1,1,1
BOYACÁ,SAN LUIS DE GACENO,4,4,4,4
BOYACÁ,SAN MATEO,1,1,1,1
BOYACÁ,SAN MIGUEL DE SEMA,1,1,1,1
BOYACÁ,SAN PABLO DE BORBUR,2,2,2,2
BOYACÁ,SANTA ROSA DE VITERBO,2,2,2,2
BOYACÁ,SANTA SOFÍA,1,1,1,1
BOYACÁ,SANTANA,2,2,2,2
BOYACÁ,SATIVANORTE,2,2,2,2
BOYACÁ,SATIVASUR,1,1,1,1
BOYACÁ,SIACHOQUE,1,1,1,1
BOYACÁ,SOATÁ,2,2,2,2
BOYACÁ,SOCHA,3,3,3,3
BOYACÁ,SOCOTÁ,2,2,2,2
BOYACÁ,SOGAMOSO,4,4,4,4
BOYACÁ,SOMONDOCO,2,2,2,2
BOYACÁ,SORA,1,1,1,1
BOYACÁ,SORACÁ,2,2,2,2
BOYACÁ,SOTAQUIRÁ,2,2,2,2
BOYACÁ,SUSACÓN,1,1,1,1
BOYACÁ,SUTAMARCHÁN,2,2,2,2
BOYACÁ,SUTATENZA,2,2,2,2
BOYACÁ,SÁCHICA,1,1,1,1
BOYACÁ,TASCO,3,3,3,3
BOYACÁ,TENZA,2,2,2,2
BOYACÁ,TIBANÁ,1,1,1,1
BOYACÁ,TIBASOSA,3,3,3,3
BOYACÁ,TINJACÁ,2,2,2,2
BOYACÁ,TIPACOQUE,2,2,2,2
BOYACÁ,TOCA,2,2,2,2
BOYACÁ,TOGÜÍ,1,1,1,1
BOYACÁ,TOTA,1,1,1,1
BOYACÁ,TUNJA,2,2,2,2
BOYACÁ,TUNUNGUÁ,1,1,1,1
BOYACÁ,TURMEQUÉ,2,2,2,2
BOYACÁ,TUTA,2,2,2,2
BOYACÁ,TUTAZÁ,1,1,1,1
BOYACÁ,TÓPAGA,2,2,2,2
BOYACÁ,UMBITA,2,2,2,2
BOYACÁ,VENTAQUEMADA,6,6,6,6
BOYACÁ,VILLA DE LEYVA,3,3,3,3
BOYACÁ,VIRACACHÁ,1,1,1,1
BOYACÁ,ZETAQUIRA,1,1,1,1
CALDAS,AGUADAS,6,6,6,6
CALDAS,ANSERMA,2,2,2,2
CALDAS,ARANZAZU,3,3,3,3
CALDAS,BELALCÁZAR,4,4,4,4
CALDAS,CHINCHINÁ,4,4,4,4
CALDAS,FILADELFIA,5,5,5,5
CALDAS,LA DORADA,4,4,4,4
CALDAS,LA MERCED,4,4,4,4
CALDAS,MANIZALES,13,13,13,13
CALDAS,MANZANARES,3,3,3,3
CALDAS,MARMATO,4,4,4,4
CALDAS,MARQUETALIA,2,2,2,2
CALDAS,MARULANDA,1,1,1,1
CALDAS,NEIRA,3,3,3,3
CALDAS,NORCASIA,3,3,3,3
CALDAS,PALESTINA,3,3,3,3
CALDAS,PENSILVANIA,4,4,4,4
CALDAS,PÁCORA,5,5,5,5
CALDAS,RIOSUCIO,4,4,4,4
CALDAS,RISARALDA,2,2,2,2
CALDAS,SALAMINA,3,3,3,3
CALDAS,SAMANÁ,5,5,5,5
CALDAS,SAN JOSÉ,2,2,2,2
CALDAS,SUPÍA,2,2,2,2
CALDAS,VICTORIA,4,4,4,4
CALDAS,VILLAMARÍA,7,7,7,7
CALDAS,VITERBO,2,2,2,2
CAQUETA,ALBANIA,3,3,3,3
CAQUETA,BELÉN DE LOS ANDAQUÍES,4,4,4,4
CAQUETA,CARTAGENA DEL CHAIRÁ,7,7,7,7
CAQUETA,CURILLO,3,3,3,3
CAQUETA,EL DONCELLO,3,3,3,3
CAQUETA,EL PAUJIL,2,2,2,2
CAQUETA,FLORENCIA,3,3,3,3
CAQUETA,LA MONTAÑITA,4,4,4,4
CAQUETA,MILÁN,5,5,5,5
CAQUETA,MORELIA,1,1,1,1
CAQUETA,PUERTO RICO,2,2,2,2
CAQUETA,SAN JOSÉ DEL FRAGUA,3,3,3,3
CAQUETA,SAN VICENTE DEL CAGUÁN,8,8,8,8
CAQUETA,SOLANO,2,2,2,2
CAQUETA,SOLITA,4,4,4,4
CAQUETA,VALPARAÍSO,2,2,2,2
CASANARE,AGUAZUL,7,7,7,7
CASANARE,CHAMEZA,1,1,1,1
CASANARE,HATO COROZAL,4,4,4,4
CASANARE,LA SALINA,1,1,1,1
CASANARE,MANÍ,2,2,2,2
CASANARE,MONTERREY,4,4,4,4
CASANARE,NUNCHÍA,2,2,2,2
CASANARE,OROCUÉ,3,3,3,3
CASANARE,PAZ DE ARIPORO,2,2,2,2
CASANARE,PORE,1,1,1,1
CASANARE,RECETOR,0,0,0,0
CASANARE,SAN LUIS DE PALENQUE,2,2,2,2
CASANARE,SÁCAMA,1,1,1,1
CASANARE,TAURAMENA,3,3,3,3
CASANARE,TRINIDAD,2,2,2,2
CASANARE,TÁMARA,2,2,2,2
CASANARE,VILLANUEVA,2,2,2,2
CASANARE,YOPAL,6,6,6,6
CAUCA,ALMAGUER,3,3,3,3
CAUCA,BALBOA,3,3,3,3
CAUCA,BUENOS AIRES,4,4,4,4
CAUCA,CAJIBÍO,6,6,6,6
CAUCA,CALDONO,4,4,4,4
CAUCA,CALOTO,4,4,4,4
CAUCA,CORINTO,2,2,2,2
CAUCA,GUACHENÉ,1,1,1,1
CAUCA,GUAPI,2,2,2,2
CAUCA,INZÁ,2,2,2,2
CAUCA,JAMBALÓ,2,2,2,2
CAUCA,LA SIERRA,1,1,1,1
CAUCA,LA VEGA,3,3,3,3
CAUCA,LÓPEZ,2,2,2,2
CAUCA,MERCADERES,2,2,2,2
CAUCA,MIRANDA,2,2,2,2
CAUCA,PADILLA,2,2,2,2
CAUCA,PAEZ,3,3,3,3
CAUCA,PATÍA,4,4,4,4
CAUCA,PIAMONTE,4,4,4,4
CAUCA,PIENDAMÓ - TUNÍA,3,3,3,3
CAUCA,POPAYÁN,5,5,5,5
CAUCA,PUERTO TEJADA,2,2,2,2
CAUCA,PURACÉ,3,3,3,3
CAUCA,ROSAS,2,2,2,2
CAUCA,SAN SEBASTIÁN,2,2,2,2
CAUCA,SANTANDER DE QUILICHAO,4,4,4,4
CAUCA,SILVIA,3,3,3,3
CAUCA,SOTARÁ PAISPAMBA,1,1,1,1
CAUCA,TIMBIQUÍ,2,2,2,2
CAUCA,TIMBÍO,2,2,2,2
CAUCA,TORIBIO,2,2,2,2
CAUCA,TOTORÓ,3,3,3,3
CAUCA,VILLA RICA,2,2,2,2
CESAR,AGUACHICA,6,6,6,6
CESAR,AGUSTÍN CODAZZI,3,3,3,3
CESAR,ASTREA,4,4,4,4
CESAR,BECERRIL,3,3,3,3
CESAR,BOSCONIA,2,2,2,2
CESAR,CHIMICHAGUA,11,11,11,11
CESAR,CHIRIGUANÁ,5,5,5,5
CESAR,CURUMANÍ,8,8,8,8
CESAR,EL COPEY,3,3,3,3
CESAR,EL PASO,6,6,6,6
CESAR,GAMARRA,4,4,4,4
CESAR,GONZÁLEZ,2,2,2,2
CESAR,LA GLORIA,5,5,5,5
CESAR,LA JAGUA DE IBIRICO,4,4,4,4
CESAR,LA PAZ,3,3,3,3
CESAR,MANAURE,3,3,3,3
CESAR,PAILITAS,4,4,4,4
CESAR,PELAYA,3,3,3,3
CESAR,PUEBLO BELLO,3,3,3,3
CESAR,RÍO DE ORO,2,2,2,2
CESAR,SAN ALBERTO,4,4,4,4
CESAR,SAN DIEGO,4,4,4,4
CESAR,SAN MARTÍN,5,5,5,5
CESAR,TAMALAMEQUE,8,8,8,8
CESAR,VALLEDUPAR,14,14,14,14
CHOCÓ,ACANDÍ,3,3,3,3
CHOCÓ,ALTO BAUDÓ,3,3,3,3
CHOCÓ,ATRATO,2,2,2,2
CHOCÓ,BAGADÓ,3,3,3,3
CHOCÓ,BAHÍA SOLANO,4,4,4,4
CHOCÓ,BAJO BAUDÓ,4,4,4,4
CHOCÓ,BOJAYA,1,1,1,1
CHOCÓ,CARMEN DEL DARIÉN,2,2,2,2
CHOCÓ,CONDOTO,2,2,2,2
CHOCÓ,CÉRTEGUI,3,3,3,3
CHOCÓ,EL CANTÓN DEL SAN PABLO,2,2,2,2
CHOCÓ,EL CARMEN DE ATRATO,1,1,1,1
CHOCÓ,EL LITORAL DEL SAN JUAN,5,5,5,5
CHOCÓ,ISTMINA,2,2,2,2
CHOCÓ,JURADÓ,2,2,2,2
CHOCÓ,LLORÓ,2,2,2,2
CHOCÓ,MEDIO ATRATO,2,2,2,2
CHOCÓ,MEDIO BAUDÓ,5,5,5,5
CHOCÓ,MEDIO SAN JUAN,4,4,4,4
CHOCÓ,NUQUÍ,6,6,6,6
CHOCÓ,NÓVITA,3,3,3,3
CHOCÓ,QUIBDÓ,6,6,6,6
CHOCÓ,RÍO IRÓ,2,2,2,2
CHOCÓ,RÍO QUITO,3,3,3,3
CHOCÓ,SAN JOSÉ DEL PALMAR,2,2,2,2
CHOCÓ,SIPÍ,3,3,3,3
CHOCÓ,TADÓ,2,2,2,2
CHOCÓ,UNGUÍA,5,5,5,5
CHOCÓ,UNIÓN PANAMERICANA,2,2,2,2
CUNDINAMARCA,AGUA DE DIOS,2,2,2,2
CUNDINAMARCA,ALBÁN,2,2,2,2
CUNDINAMARCA,ANAPOIMA,4,4,4,4
CUNDINAMARCA,ANOLAIMA,3,3,3,3
CUNDINAMARCA,APULO,2,2,2,2
CUNDINAMARCA,ARBELÁEZ,2,2,2,2
CUNDINAMARCA,BELTRÁN,3,3,3,3
CUNDINAMARCA,BITUIMA,2,2,2,2
CUNDINAMARCA,BOJACÁ,2,2,2,2
CUNDINAMARCA,CABRERA,1,1,1,1
CUNDINAMARCA,CACHIPAY,3,3,3,3
CUNDINAMARCA,CAJICÁ,21,21,21,21
CUNDINAMARCA,CAPARRAPÍ,4,4,4,4
CUNDINAMARCA,CAQUEZA,2,2,2,2
CUNDINAMARCA,CARMEN DE CARUPA,1,1,1,1
CUNDINAMARCA,CHAGUANÍ,1,1,1,1
CUNDINAMARCA,CHIPAQUE,3,3,3,3
CUNDINAMARCA,CHOACHÍ,3,3,3,3
CUNDINAMARCA,CHOCONTÁ,2,2,2,2
CUNDINAMARCA,CHÍA,15,15,15,15
CUNDINAMARCA,COGUA,11,11,11,11
CUNDINAMARCA,COTA,2,2,2,2
CUNDINAMARCA,CUCUNUBÁ,2,2,2,2
CUNDINAMARCA,EL COLEGIO,4,4,4,4
CUNDINAMARCA,EL ROSAL,5,5,5,5
CUNDINAMARCA,FACATATIVÁ,15,15,15,15
CUNDINAMARCA,FOMEQUE,3,3,3,3
CUNDINAMARCA,FOSCA,2,2,2,2
CUNDINAMARCA,FUNZA,5,5,5,5
CUNDINAMARCA,FUSAGASUGÁ,8,8,8,8
CUNDINAMARCA,FÚQUENE,3,3,3,3
CUNDINAMARCA,GACHALA,2,2,2,2
CUNDINAMARCA,GACHANCIPÁ,3,3,3,3
CUNDINAMARCA,GACHETÁ,2,2,2,2
CUNDINAMARCA,GAMA,1,1,1,1
CUNDINAMARCA,GIRARDOT,3,3,3,3
CUNDINAMARCA,GUACHETÁ,2,2,2,2
CUNDINAMARCA,GUADUAS,5,5,5,5
CUNDINAMARCA,GUASCA,3,3,3,3
CUNDINAMARCA,GUATAQUÍ,2,2,2,2
CUNDINAMARCA,GUATAVITA,2,2,2,2
CUNDINAMARCA,GUAYABAL DE SIQUIMA,1,1,1,1
CUNDINAMARCA,GUAYABETAL,4,4,4,4
CUNDINAMARCA,GUTIÉRREZ,1,1,1,1
CUNDINAMARCA,JERUSALÉN,0,0,0,0
CUNDINAMARCA,JUNÍN,3,3,3,3
CUNDINAMARCA,LA CALERA,10,10,10,10
CUNDINAMARCA,LA MESA,3,3,3,3
CUNDINAMARCA,LA PALMA,2,2,2,2
CUNDINAMARCA,LA PEÑA,1,1,1,1
CUNDINAMARCA,LENGUAZAQUE,2,2,2,2
CUNDINAMARCA,MACHETA,2,2,2,2
CUNDINAMARCA,MADRID,6,6,6,6
CUNDINAMARCA,MANTA,1,1,1,1
CUNDINAMARCA,MEDINA,4,4,4,4
CUNDINAMARCA,MOSQUERA,3,3,3,3
CUNDINAMARCA,NEMOCÓN,5,5,5,5
CUNDINAMARCA,NILO,4,4,4,4
CUNDINAMARCA,NIMAIMA,2,2,2,2
CUNDINAMARCA,NOCAIMA,2,2,2,2
CUNDINAMARCA,PACHO,2,2,2,2
CUNDINAMARCA,PAIME,3,3,3,3
CUNDINAMARCA,PANDI,1,1,1,1
CUNDINAMARCA,PARATEBUENO,4,4,4,4
CUNDINAMARCA,PASCA,2,2,2,2
CUNDINAMARCA,PUERTO SALGAR,4,4,4,4
CUNDINAMARCA,PULÍ,2,2,2,2
CUNDINAMARCA,QUEBRADANEGRA,3,3,3,3
CUNDINAMARCA,QUETAME,3,3,3,3
CUNDINAMARCA,QUIPILE,4,4,4,4
CUNDINAMARCA,RICAURTE,4,4,4,4
CUNDINAMARCA,SAN ANTONIO DEL TEQUENDAMA,8,8,8,8
CUNDINAMARCA,SAN FRANCISCO,2,2,2,2
CUNDINAMARCA,SAN JUAN DE RÍO SECO,4,4,4,4
CUNDINAMARCA,SASAIMA,3,3,3,3
CUNDINAMARCA,SESQUILÉ,3,3,3,3
CUNDINAMARCA,SIBATÉ,9,9,9,9
CUNDINAMARCA,SILVANIA,4,4,4,4
CUNDINAMARCA,SIMIJACA,3,3,3,3
CUNDINAMARCA,SOACHA,4,4,4,4
CUNDINAMARCA,SOPÓ,6,6,6,6
CUNDINAMARCA,SUBACHOQUE,6,6,6,6
CUNDINAMARCA,SUESCA,3,3,3,3
CUNDINAMARCA,SUPATÁ,2,2,2,2
CUNDINAMARCA,SUSA,2,2,2,2
CUNDINAMARCA,SUTATAUSA,3,3,3,3
CUNDINAMARCA,TABIO,8,8,8,8
CUNDINAMARCA,TAUSA,3,3,3,3
CUNDINAMARCA,TENA,3,3,3,3
CUNDINAMARCA,TENJO,10,10,10,10
CUNDINAMARCA,TIBACUY,3,3,3,3
CUNDINAMARCA,TIBIRITA,1,1,1,1
CUNDINAMARCA,TOCAIMA,5,5,5,5
CUNDINAMARCA,TOCANCIPÁ,19,19,19,19
CUNDINAMARCA,TOPAIPÍ,3,3,3,3
CUNDINAMARCA,UBALÁ,3,3,3,3
CUNDINAMARCA,UBAQUE,2,2,2,2
CUNDINAMARCA,UNE,3,3,3,3
CUNDINAMARCA,VERGARA,4,4,4,4
CUNDINAMARCA,VIANÍ,2,2,2,2
CUNDINAMARCA,VILLA DE SAN DIEGO DE UBATE,6,6,6,6
CUNDINAMARCA,VILLAGÓMEZ,1,1,1,1
CUNDINAMARCA,VILLAPINZÓN,2,2,2,2
CUNDINAMARCA,VILLETA,3,3,3,3
CUNDINAMARCA,VIOTÁ,4,4,4,4
CUNDINAMARCA,YACOPÍ,6,6,6,6
CUNDINAMARCA,ZIPACÓN,4,4,4,4
CUNDINAMARCA,ZIPAQUIRÁ,24,24,24,24
CUNDINAMARCA,ÚTICA,2,2,2,2
CÓRDOBA,AYAPEL,4,4,4,4
CÓRDOBA,CANALETE,5,5,5,5
CÓRDOBA,CERETÉ,12,12,12,12
CÓRDOBA,CHIMÁ,4,4,4,4
CÓRDOBA,CHINÚ,13,13,13,13
CÓRDOBA,CIÉNAGA DE ORO,8,8,8,8
CÓRDOBA,COTORRA,5,5,5,5
CÓRDOBA,LA APARTADA,2,2,2,2
CÓRDOBA,LORICA,17,17,17,17
CÓRDOBA,LOS CÓRDOBAS,6,6,6,6
CÓRDOBA,MOMIL,4,4,4,4
CÓRDOBA,MONTELÍBANO,7,7,7,7
CÓRDOBA,MONTERÍA,31,31,31,31
CÓRDOBA,MOÑITOS,5,5,5,5
CÓRDOBA,PLANETA RICA,13,13,13,13
CÓRDOBA,PUEBLO NUEVO,11,11,11,11
CÓRDOBA,PUERTO ESCONDIDO,5,5,5,5
CÓRDOBA,PUERTO LIBERTADOR,8,8,8,8
CÓRDOBA,PURÍSIMA,3,3,3,3
CÓRDOBA,SAHAGÚN,19,19,19,19
CÓRDOBA,SAN ANDRÉS DE SOTAVENTO,9,9,9,9
CÓRDOBA,SAN ANTERO,14,14,14,14
CÓRDOBA,SAN BERNARDO DEL VIENTO,9,9,9,9
CÓRDOBA,SAN CARLOS,5,5,5,5
CÓRDOBA,SAN JOSÉ DE URÉ,4,4,4,4
CÓRDOBA,SAN PELAYO,9,9,9,9
CÓRDOBA,TIERRALTA,12,12,12,12
CÓRDOBA,TUCHÍN,11,11,11,11
CÓRDOBA,VALENCIA,6,6,6,6
GUAINÍA,BARRANCOMINAS,1,1,1,1
GUAINÍA,INÍRIDA,5,5,5,5
GUAINÍA,LA GUADALUPE,0,0,0,0
GUAINÍA,MORICHAL,0,0,0,0
GUAINÍA,PANA PANA,0,0,0,0
GUAVIARE,EL RETORNO,4,4,4,4
GUAVIARE,SAN JOSÉ DEL GUAVIARE,10,10,10,10
HUILA,ACEVEDO,2,2,2,2
HUILA,AGRADO,2,2,2,2
HUILA,AIPE,3,3,3,3
HUILA,ALGECIRAS,2,2,2,2
HUILA,ALTAMIRA,2,2,2,2
HUILA,BARAYA,2,2,2,2
HUILA,CAMPOALEGRE,2,2,2,2
HUILA,COLOMBIA,2,2,2,2
HUILA,ELÍAS,1,1,1,1
HUILA,GARZÓN,4,4,4,4
HUILA,GIGANTE,4,4,4,4
HUILA,HOBO,2,2,2,2
HUILA,IQUIRA,2,2,2,2
HUILA,ISNOS,1,1,1,1
HUILA,LA ARGENTINA,1,1,1,1
HUILA,LA PLATA,2,2,2,2
HUILA,NEIVA,6,6,6,6
HUILA,NÁTAGA,1,1,1,1
HUILA,OPORAPA,2,2,2,2
HUILA,PAICOL,1,1,1,1
HUILA,PALERMO,4,4,4,4
HUILA,PITAL,2,2,2,2
HUILA,PITALITO,3,3,3,3
HUILA,RIVERA,4,4,4,4
HUILA,SALADOBLANCO,3,3,3,3
HUILA,SAN AGUSTÍN,2,2,2,2
HUILA,SANTA MARÍA,2,2,2,2
HUILA,SUAZA,2,2,2,2
HUILA,TARQUI,3,3,3,3
HUILA,TELLO,3,3,3,3
HUILA,TERUEL,2,2,2,2
HUILA,TESALIA,1,1,1,1
HUILA,TIMANÁ,3,3,3,3
HUILA,VILLAVIEJA,2,2,2,2
HUILA,YAGUARÁ,1,1,1,1
LA GUAJIRA,BARRANCAS,5,5,5,5
LA GUAJIRA,DIBULLA,6,6,6,6
LA GUAJIRA,DISTRACCIÓN,5,5,5,5
LA GUAJIRA,EL MOLINO,2,2,2,2
LA GUAJIRA,FONSECA,5,5,5,5
LA GUAJIRA,HATONUEVO,5,5,5,5
LA GUAJIRA,LA JAGUA DEL PILAR,2,2,2,2
LA GUAJIRA,MAICAO,8,8,8,8
LA GUAJIRA,RIOHACHA,16,16,16,16
LA GUAJIRA,SAN JUAN DEL CESAR,10,10,10,10
LA GUAJIRA,URIBIA,7,7,7,7
LA GUAJIRA,URUMITA,2,2,2,2
MAGDALENA,ALGARROBO,3,3,3,3
MAGDALENA,ARACATACA,4,4,4,4
MAGDALENA,ARIGUANÍ,4,4,4,4
MAGDALENA,CERRO SAN ANTONIO,2,2,2,2
MAGDALENA,CHIVOLO,3,3,3,3
MAGDALENA,CIÉNAGA,4,4,4,4
MAGDALENA,CONCORDIA,3,3,3,3
MAGDALENA,EL BANCO,7,7,7,7
MAGDALENA,EL PIÑON,5,5,5,5
MAGDALENA,EL RETÉN,4,4,4,4
MAGDALENA,FUNDACIÓN,4,4,4,4
MAGDALENA,NUEVA GRANADA,5,5,5,5
MAGDALENA,PEDRAZA,2,2,2,2
MAGDALENA,PIJIÑO DEL CARMEN,3,3,3,3
MAGDALENA,PIVIJAY,4,4,4,4
MAGDALENA,PLATO,4,4,4,4
MAGDALENA,PUEBLOVIEJO,6,6,6,6
MAGDALENA,REMOLINO,3,3,3,3
MAGDALENA,SABANAS DE SAN ANGEL,3,3,3,3
MAGDALENA,SAN SEBASTIÁN DE BUENAVISTA,4,4,4,4
MAGDALENA,SAN ZENÓN,2,2,2,2
MAGDALENA,SANTA ANA,2,2,2,2
MAGDALENA,SANTA BÁRBARA DE PINTO,3,3,3,3
MAGDALENA,SANTA MARTA,14,14,14,14
MAGDALENA,SITIONUEVO,3,3,3,3
MAGDALENA,TENERIFE,3,3,3,3
MAGDALENA,ZAPAYÁN,4,4,4,4
MAGDALENA,ZONA BANANERA,10,10,10,10
META,ACACÍAS,6,6,6,6
META,BARRANCA DE UPÍA,2,2,2,2
META,CABUYARO,2,2,2,2
META,CASTILLA LA NUEVA,3,3,3,3
META,CUMARAL,5,5,5,5
META,EL CALVARIO,2,2,2,2
META,EL CASTILLO,3,3,3,3
META,EL DORADO,2,2,2,2
META,FUENTE DE ORO,4,4,4,4
META,GRANADA,4,4,4,4
META,GUAMAL,5,5,5,5
META,LA MACARENA,4,4,4,4
META,LEJANÍAS,3,3,3,3
META,MAPIRIPÁN,1,1,1,1
META,MESETAS,3,3,3,3
META,PUERTO CONCORDIA,2,2,2,2
META,PUERTO GAITÁN,2,2,2,2
META,PUERTO LLERAS,2,2,2,2
META,PUERTO LÓPEZ,6,6,6,6
META,SAN CARLOS DE GUAROA,3,3,3,3
META,SAN JUAN DE ARAMA,4,4,4,4
META,SAN JUANITO,2,2,2,2
META,SAN LUIS DE CUBARRAL,2,2,2,2
META,URIBE,2,2,2,2
META,VILLAVICENCIO,14,14,14,14
META,VISTAHERMOSA,6,6,6,6
NARIÑO,ALDANA,1,1,1,1
NARIÑO,ANCUYA,2,2,2,2
NARIÑO,ARBOLEDA,1,1,1,1
NARIÑO,BARBACOAS,3,3,3,3
NARIÑO,BELÉN,2,2,2,2
NARIÑO,BUESACO,3,3,3,3
NARIÑO,CHACHAGÜÍ,2,2,2,2
NARIÑO,COLÓN,2,2,2,2
NARIÑO,CONSACÁ,2,2,2,2
NARIÑO,CONTADERO,1,1,1,1
NARIÑO,CUASPUD CARLOSAMA,1,1,1,1
NARIÑO,CUMBAL,2,2,2,2
NARIÑO,CUMBITARA,1,1,1,1
NARIÑO,EL CHARCO,1,1,1,1
NARIÑO,EL PEÑOL,1,1,1,1
NARIÑO,EL ROSARIO,1,1,1,1
NARIÑO,EL TABLÓN DE GÓMEZ,1,1,1,1
NARIÑO,EL TAMBO,5,5,5,5
NARIÑO,FRANCISCO PIZARRO,1,1,1,1
NARIÑO,FUNES,2,2,2,2
NARIÑO,GUACHUCAL,2,2,2,2
NARIÑO,GUAITARILLA,2,2,2,2
NARIÑO,GUALMATÁN,1,1,1,1
NARIÑO,ILES,1,1,1,1
NARIÑO,IMUÉS,2,2,2,2
NARIÑO,IPIALES,5,5,5,5
NARIÑO,LA CRUZ,1,1,1,1
NARIÑO,LA FLORIDA,2,2,2,2
NARIÑO,LA LLANADA,1,1,1,1
NARIÑO,LA TOLA,2,2,2,2
NARIÑO,LA UNIÓN,4,4,4,4
NARIÑO,LEIVA,2,2,2,2
NARIÑO,LINARES,1,1,1,1
NARIÑO,LOS ANDES,1,1,1,1
NARIÑO,MAGÜI,1,1,1,1
NARIÑO,MALLAMA,1,1,1,1
NARIÑO,OLAYA HERRERA,2,2,2,2
NARIÑO,OSPINA,1,1,1,1
NARIÑO,PASTO,16,16,16,16
NARIÑO,POLICARPA,2,2,2,2
NARIÑO,POTOSÍ,1,1,1,1
NARIÑO,PROVIDENCIA,4,4,4,4
NARIÑO,PUERRES,2,2,2,2
NARIÑO,PUPIALES,2,2,2,2
NARIÑO,ROBERTO PAYÁN,0,0,0,0
NARIÑO,SAMANIEGO,1,1,1,1
NARIÑO,SAN BERNARDO,2,2,2,2
NARIÑO,SAN LORENZO,2,2,2,2
NARIÑO,SAN PABLO,3,3,3,3
NARIÑO,SAN PEDRO DE CARTAGO,1,1,1,1
NARIÑO,SANDONÁ,2,2,2,2
NARIÑO,SANTA BÁRBARA,2,2,2,2
NARIÑO,SANTACRUZ,0,0,0,0
NARIÑO,SAPUYES,2,2,2,2
NARIÑO,TAMINANGO,2,2,2,2
NARIÑO,TANGUA,2,2,2,2
NARIÑO,TUMACO - SAN ANDRES DE TUMACO,12,12,12,12
NARIÑO,TÚQUERRES,2,2,2,2
NARIÑO,YACUANQUER,1,1,1,1
NORTE DE SANTANDER,ABREGO,2,2,2,2
NORTE DE SANTANDER,ARBOLEDAS,2,2,2,2
NORTE DE SANTANDER,BOCHALEMA,4,4,4,4
NORTE DE SANTANDER,BUCARASICA,2,2,2,2
NORTE DE SANTANDER,CACHIRÁ,3,3,3,3
NORTE DE SANTANDER,CHINÁCOTA,4,4,4,4
NORTE DE SANTANDER,CHITAGÁ,2,2,2,2
NORTE DE SANTANDER,CONVENCIÓN,2,2,2,2
NORTE DE SANTANDER,CUCUTILLA,2,2,2,2
NORTE DE SANTANDER,CÁCOTA,1,1,1,1
NORTE DE SANTANDER,DURANIA,3,3,3,3
NORTE DE SANTANDER,EL CARMEN,2,2,2,2
NORTE DE SANTANDER,EL TARRA,2,2,2,2
NORTE DE SANTANDER,EL ZULIA,7,7,7,7
NORTE DE SANTANDER,GRAMALOTE,3,3,3,3
NORTE DE SANTANDER,HACARÍ,1,1,1,1
NORTE DE SANTANDER,HERRÁN,1,1,1,1
NORTE DE SANTANDER,LA ESPERANZA,4,4,4,4
NORTE DE SANTANDER,LA PLAYA,1,1,1,1
NORTE DE SANTANDER,LABATECA,1,1,1,1
NORTE DE SANTANDER,LOS PATIOS,8,8,8,8
NORTE DE SANTANDER,LOURDES,1,1,1,1
NORTE DE SANTANDER,MUTISCUA,3,3,3,3
NORTE DE SANTANDER,OCAÑA,7,7,7,7
NORTE DE SANTANDER,PAMPLONA,2,2,2,2
NORTE DE SANTANDER,PAMPLONITA,3,3,3,3
NORTE DE SANTANDER,PUERTO SANTANDER,2,2,2,2
NORTE DE SANTANDER,RAGONVALIA,2,2,2,2
NORTE DE SANTANDER,SALAZAR,4,4,4,4
NORTE DE SANTANDER,SAN CALIXTO,3,3,3,3
NORTE DE SANTANDER,SAN CAYETANO,3,3,3,3
NORTE DE SANTANDER,SAN JOSÉ DE CÚCUTA,22,22,22,22
NORTE DE SANTANDER,SANTIAGO,2,2,2,2
NORTE DE SANTANDER,SARDINATA,5,5,5,5
NORTE DE SANTANDER,SILOS,3,3,3,3
NORTE DE SANTANDER,TEORAMA,2,2,2,2
NORTE DE SANTANDER,TIBÚ,7,7,7,7
NORTE DE SANTANDER,VILLA CARO,2,2,2,2
NORTE DE SANTANDER,VILLA DEL ROSARIO,3,3,3,3
PUTUMAYO,MOCOA,5,5,5,5
PUTUMAYO,ORITO,6,6,6,6
PUTUMAYO,PUERTO ASÍS,5,5,5,5
PUTUMAYO,PUERTO CAICEDO,3,3,3,3
PUTUMAYO,PUERTO GUZMÁN,6,6,6,6
PUTUMAYO,PUERTO LEGUÍZAMO,4,4,4,4
PUTUMAYO,SIBUNDOY,1,1,1,1
PUTUMAYO,VALLE DEL GUAMUEZ,4,4,4,4
PUTUMAYO,VILLAGARZÓN,5,5,5,5
QUINDÍO,ARMENIA,6,6,6,6
QUINDÍO,BUENAVISTA,4,4,4,4
QUINDÍO,CALARCA,6,6,6,6
QUINDÍO,CIRCASIA,8,8,8,8
QUINDÍO,FILANDIA,2,2,2,2
QUINDÍO,GÉNOVA,1,1,1,1
QUINDÍO,LA TEBAIDA,4,4,4,4
QUINDÍO,MONTENEGRO,6,6,6,6
QUINDÍO,PIJAO,1,1,1,1
QUINDÍO,QUIMBAYA,3,3,3,3
QUINDÍO,SALENTO,4,4,4,4
RISARALDA,APÍA,2,2,2,2
RISARALDA,BELÉN DE UMBRÍA,2,2,2,2
RISARALDA,DOSQUEBRADAS,5,5,5,5
RISARALDA,GUÁTICA,4,4,4,4
RISARALDA,LA CELIA,1,1,1,1
RISARALDA,LA VIRGINIA,2,2,2,2
RISARALDA,MARSELLA,4,4,4,4
RISARALDA,MISTRATÓ,3,3,3,3
RISARALDA,PEREIRA,34,34,34,34
RISARALDA,PUEBLO RICO,3,3,3,3
RISARALDA,QUINCHÍA,5,5,5,5
RISARALDA,SANTA ROSA DE CABAL,6,6,6,6
RISARALDA,SANTUARIO,4,4,4,4
SANTANDER,AGUADA,1,1,1,1
SANTANDER,ARATOCA,4,4,4,4
SANTANDER,BARICHARA,3,3,3,3
SANTANDER,BARRANCABERMEJA,13,13,13,13
SANTANDER,BETULIA,4,4,4,4
SANTANDER,BOLÍVAR,3,3,3,3
SANTANDER,BUCARAMANGA,4,4,4,4
SANTANDER,CALIFORNIA,1,1,1,1
SANTANDER,CAPITANEJO,2,2,2,2
SANTANDER,CARCASÍ,2,2,2,2
SANTANDER,CEPITÁ,1,1,1,1
SANTANDER,CERRITO,3,3,3,3
SANTANDER,CHARALÁ,2,2,2,2
SANTANDER,CHARTA,2,2,2,2
SANTANDER,CHIMA,1,1,1,1
SANTANDER,CHIPATÁ,2,2,2,2
SANTANDER,CIMITARRA,7,7,7,7
SANTANDER,CONFINES,2,2,2,2
SANTANDER,CONTRATACIÓN,2,2,2,2
SANTANDER,COROMORO,2,2,2,2
SANTANDER,CURITÍ,2,2,2,2
SANTANDER,EL CARMEN DE CHUCURÍ,2,2,2,2
SANTANDER,EL GUACAMAYO,1,1,1,1
SANTANDER,EL PLAYÓN,4,4,4,4
SANTANDER,ENCINO,1,1,1,1
SANTANDER,ENCISO,3,3,3,3
SANTANDER,FLORIDABLANCA,10,10,10,10
SANTANDER,FLORIÁN,2,2,2,2
SANTANDER,GALÁN,1,1,1,1
SANTANDER,GAMBITA,1,1,1,1
SANTANDER,GIRÓN,7,7,7,7
SANTANDER,GUACA,1,1,1,1
SANTANDER,GUAPOTÁ,0,0,0,0
SANTANDER,GUAVATÁ,2,2,2,2
SANTANDER,GÜEPSA,2,2,2,2
SANTANDER,HATO,1,1,1,1
SANTANDER,JESÚS MARÍA,1,1,1,1
SANTANDER,JORDÁN,2,2,2,2
SANTANDER,LA BELLEZA,2,2,2,2
SANTANDER,LANDÁZURI,4,4,4,4
SANTANDER,LEBRIJA,3,3,3,3
SANTANDER,LOS SANTOS,2,2,2,2
SANTANDER,MACARAVITA,1,1,1,1
SANTANDER,MATANZA,3,3,3,3
SANTANDER,MOGOTES,1,1,1,1
SANTANDER,MOLAGAVITA,1,1,1,1
SANTANDER,MÁLAGA,2,2,2,2
SANTANDER,OCAMONTE,1,1,1,1
SANTANDER,OIBA,2,2,2,2
SANTANDER,ONZAGA,2,2,2,2
SANTANDER,PALMAR,1,1,1,1
SANTANDER,PALMAS DEL SOCORRO,1,1,1,1
SANTANDER,PIEDECUESTA,14,14,14,14
SANTANDER,PINCHOTE,2,2,2,2
SANTANDER,PUENTE NACIONAL,5,5,5,5
SANTANDER,PUERTO PARRA,3,3,3,3
SANTANDER,PUERTO WILCHES,8,8,8,8
SANTANDER,PÁRAMO,2,2,2,2
SANTANDER,SABANA DE TORRES,6,6,6,6
SANTANDER,SAN BENITO,3,3,3,3
SANTANDER,SAN GIL,2,2,2,2
SANTANDER,SAN JOAQUÍN,1,1,1,1
SANTANDER,SAN JOSÉ DE MIRANDA,2,2,2,2
SANTANDER,SAN MIGUEL,3,3,3,3
SANTANDER,SAN VICENTE DE CHUCURÍ,2,2,2,2
SANTANDER,SANTA HELENA DEL OPÓN,2,2,2,2
SANTANDER,SIMACOTA,3,3,3,3
SANTANDER,SOCORRO,2,2,2,2
SANTANDER,SUAITA,5,5,5,5
SANTANDER,SUCRE,4,4,4,4
SANTANDER,SURATÁ,2,2,2,2
SANTANDER,TONA,3,3,3,3
SANTANDER,VALLE DE SAN JOSÉ,2,2,2,2
SANTANDER,VETAS,1,1,1,1
SANTANDER,VÉLEZ,4,4,4,4
SANTANDER,ZAPATOCA,3,3,3,3
SUCRE,CAIMITO,9,9,9,9
SUCRE,CHALÁN,4,4,4,4
SUCRE,COLOSO,7,7,7,7
SUCRE,COROZAL,9,9,9,9
SUCRE,COVEÑAS,5,5,5,5
SUCRE,EL ROBLE,8,8,8,8
SUCRE,GALERAS,5,5,5,5
SUCRE,GUARANDA,5,5,5,5
SUCRE,LOS PALMITOS,6,6,6,6
SUCRE,MAJAGUAL,9,9,9,9
SUCRE,MORROA,4,4,4,4
SUCRE,OVEJAS,10,10,10,10
SUCRE,PALMITO,7,7,7,7
SUCRE,SAMPUÉS,3,3,3,3
SUCRE,SAN BENITO ABAD,9,9,9,9
SUCRE,SAN JOSÉ DE TOLUVIEJO,5,5,5,5
SUCRE,SAN JUAN DE BETULIA,3,3,3,3
SUCRE,SAN LUIS DE SINCÉ,6,6,6,6
SUCRE,SAN MARCOS,16,16,16,16
SUCRE,SAN ONOFRE,13,13,13,13
SUCRE,SANTIAGO DE TOLÚ,4,4,4,4
SUCRE,SINCELEJO,7,7,7,7
TOLIMA,ALPUJARRA,1,1,1,1
TOLIMA,ALVARADO,3,3,3,3
TOLIMA,AMBALEMA,2,2,2,2
TOLIMA,ANZOÁTEGUI,2,2,2,2
TOLIMA,ARMERO,4,4,4,4
TOLIMA,ATACO,2,2,2,2
TOLIMA,CAJAMARCA,2,2,2,2
TOLIMA,CARMEN DE APICALÁ,2,2,2,2
TOLIMA,CASABIANCA,1,1,1,1
TOLIMA,CHAPARRAL,2,2,2,2
TOLIMA,COELLO,3,3,3,3
TOLIMA,COYAIMA,2,2,2,2
TOLIMA,CUNDAY,2,2,2,2
TOLIMA,DOLORES,2,2,2,2
TOLIMA,ESPINAL,3,3,3,3
TOLIMA,FALAN,2,2,2,2
TOLIMA,FLANDES,3,3,3,3
TOLIMA,FRESNO,2,2,2,2
TOLIMA,GUAMO,4,4,4,4
TOLIMA,HERVEO,2,2,2,2
TOLIMA,HONDA,2,2,2,2
TOLIMA,IBAGUÉ,6,6,6,6
TOLIMA,ICONONZO,3,3,3,3
TOLIMA,LÉRIDA,3,3,3,3
TOLIMA,LÍBANO,2,2,2,2
TOLIMA,MARIQUITA - SAN SEBASTIÁN DE MARIQUITA,2,2,2,2
TOLIMA,MELGAR,7,7,7,7
TOLIMA,MURILLO,1,1,1,1
TOLIMA,NATAGAIMA,3,3,3,3
TOLIMA,ORTEGA,3,3,3,3
TOLIMA,PALOCABILDO,2,2,2,2
TOLIMA,PIEDRAS,2,2,2,2
TOLIMA,PLANADAS,2,2,2,2
TOLIMA,PRADO,2,2,2,2
TOLIMA,PURIFICACIÓN,3,3,3,3
TOLIMA,RIOBLANCO,2,2,2,2
TOLIMA,RONCESVALLES,2,2,2,2
TOLIMA,ROVIRA,4,4,4,4
TOLIMA,SALDAÑA,4,4,4,4
TOLIMA,SAN ANTONIO,2,2,2,2
TOLIMA,SAN LUIS,3,3,3,3
TOLIMA,SANTA ISABEL,2,2,2,2
TOLIMA,SUÁREZ,2,2,2,2
TOLIMA,VALLE DE SAN JUAN,2,2,2,2
TOLIMA,VENADILLO,2,2,2,2
TOLIMA,VILLAHERMOSA,2,2,2,2
TOLIMA,VILLARRICA,1,1,1,1
VALLE DEL CAUCA,ALCALÁ,2,2,2,2
VALLE DEL CAUCA,ANDALUCÍA,2,2,2,2
VALLE DEL CAUCA,ANSERMANUEVO,2,2,2,2
VALLE DEL CAUCA,BUENAVENTURA,13,13,13,13
VALLE DEL CAUCA,BUGALAGRANDE,4,4,4,4
VALLE DEL CAUCA,CAICEDONIA,2,2,2,2
VALLE DEL CAUCA,CALI,15,15,15,15
VALLE DEL CAUCA,CALIMA,2,2,2,2
VALLE DEL CAUCA,CANDELARIA,6,6,6,6
VALLE DEL CAUCA,CARTAGO,2,2,2,2
VALLE DEL CAUCA,DAGUA,6,6,6,6
VALLE DEL CAUCA,EL CAIRO,2,2,2,2
VALLE DEL CAUCA,EL CERRITO,4,4,4,4
VALLE DEL CAUCA,EL DOVIO,1,1,1,1
VALLE DEL CAUCA,EL ÁGUILA,2,2,2,2
VALLE DEL CAUCA,FLORIDA,4,4,4,4
VALLE DEL CAUCA,GINEBRA,3,3,3,3
VALLE DEL CAUCA,GUACARÍ,4,4,4,4
VALLE DEL CAUCA,GUADALAJARA DE BUGA,5,5,5,5
VALLE DEL CAUCA,JAMUNDÍ,9,9,9,9
VALLE DEL CAUCA,LA CUMBRE,6,6,6,6
VALLE DEL CAUCA,OBANDO,3,3,3,3
VALLE DEL CAUCA,PALMIRA,17,17,17,17
VALLE DEL CAUCA,PRADERA,3,3,3,3
VALLE DEL CAUCA,RESTREPO,2,2,2,2
VALLE DEL CAUCA,RIOFRÍO,4,4,4,4
VALLE DEL CAUCA,ROLDANILLO,2,2,2,2
VALLE DEL CAUCA,SAN PEDRO,3,3,3,3
VALLE DEL CAUCA,SEVILLA,2,2,2,2
VALLE DEL CAUCA,TORO,2,2,2,2
VALLE DEL CAUCA,TRUJILLO,3,3,3,3
VALLE DEL CAUCA,TULUÁ,7,7,7,7
VALLE DEL CAUCA,ULLOA,2,2,2,2
VALLE DEL CAUCA,VERSALLES,2,2,2,2
VALLE DEL CAUCA,VIJES,2,2,2,2
VALLE DEL CAUCA,YOTOCO,3,3,3,3
VALLE DEL CAUCA,YUMBO,7,7,7,7
VALLE DEL CAUCA,ZARZAL,4,4,4,4
VAUPÉS,CARURU,0,0,0,0
VAUPÉS,MITÚ,3,3,3,3
VAUPÉS,PACOA,1,1,1,1
VAUPÉS,PAPUNAHUA,1,1,1,1
VAUPÉS,YAVARATÉ,0,0,0,0
VICHADA,CUMARIBO,4,4,4,4
VICHADA,LA PRIMAVERA,2,2,2,2
VICHADA,PUERTO CARREÑO,3,3,3,3
VICHADA,SANTA ROSALÍA,2,2,2,2
